Codon,Cost
TTT,0.0
TCT,0.0
TAT,0.0
TGT,0.0
TTC,0.364
TCC,0.486
TAC,0.241
TGC,0.532
TTA,0.035
TCA,0.214
TAA,0.0
TGA,0.449
TTG,0.0
TCG,0.956
TAG,0.715
TGG,0.0
CTT,0.802
CCT,0.304
CAT,0.0
CGT,1.232
CTC,1.576
CCC,1.03
CAC,0.575
CGC,2.079
CTA,0.728
CCA,0.0
CAA,0.0
CGA,1.925
CTG,0.969
CCG,1.253
CAG,0.8
CGG,2.485
ATT,0.0
ACT,0.0
AAT,0.0
AGT,0.486
ATC,0.571
ACC,0.464
AAC,0.364
AGC,0.86
ATA,0.533
ACA,0.154
AAA,0.0
AGA,0.0
ATG,0.0
ACG,0.916
AAG,0.323
AGG,0.827
GTT,0.0
GCT,0.0
GAT,0.0
GGT,0.0
GTC,0.619
GCC,0.547
GAC,0.619
GGC,0.906
GTA,0.619
GCA,0.27
GAA,0.0
GGA,0.759
GTG,0.719
GCG,1.24
GAG,0.847
GGG,1.365
